target_snr_db,heldout_type,matched,heldout
-15,rainfall,18.606,-4.16
-10,rainfall,23.854,-1.75
-5,rainfall,16.359,-0.082
0,rainfall,14.133,1.957
5,rainfall,8.945,3.065
10,rainfall,7.042,2.83
15,rainfall,4.929,2.363
20,rainfall,3.066,1.474
-15,lightning,13.597,-0.572
-10,lightning,23.0,-0.308
-5,lightning,18.963,-0.145
0,lightning,12.719,-0.002
5,lightning,9.085,0.06
10,lightning,6.205,0.087
15,lightning,4.48,0.008
20,lightning,2.986,-0.577
-15,hurricane,14.5,-0.135
-10,hurricane,12.737,-0.072
-5,hurricane,11.399,-0.046
0,hurricane,9.57,-0.031
5,hurricane,7.845,-0.028
10,hurricane,6.28,-0.015
15,hurricane,4.713,-0.027
20,hurricane,3.371,-0.08
